{"vehicles": [{"vehicle": [7, "car"], "time": 0.7432432432432432, "speed": 7.300370745225991}]}